-- ---------------------------------------------
-- version 3.0.1 2024-05-30 
-- ADD ai_prompt data
-- ---------------------------------------------
INSERT INTO `ai_prompt` (`created_by`, `updated_by`, `created_at`, `updated_at`, `deleted_at`, `uuid`, `tid`, `title`, `template`, `sortno`, `ai_type`, `model_name`, `status`, `api_type`, `remark`, `locking`, `group`, `is_festival`, `system_message`, `temperature`, `penalty_score`) VALUES (0, 0, '1989-06-04 03:25:07.467880', '1989-06-04 03:25:07.467880', NULL, 4009, '', '智能写稿', '\n\n请根据以上要求撰写新闻稿优化新闻稿内容', 0, 'wenxin', 'completions_pro', 1, '', '智能写稿升级', 1, 'SmartCreation', 0, '你是一个专业的新闻撰稿人', 0.80, 1.00);
INSERT INTO `ai_prompt` (`created_by`, `updated_by`, `created_at`, `updated_at`, `deleted_at`, `uuid`, `tid`, `title`, `template`, `sortno`, `ai_type`, `model_name`, `status`, `api_type`, `remark`, `locking`, `group`, `is_festival`, `system_message`, `temperature`, `penalty_score`) VALUES (0, 0, '1989-06-04 03:25:07.467880', '1989-06-04 03:25:07.467880', NULL, 4010, '', '写标题', '请根据以上要求撰写出{counts}个新闻标题，\n\n每个标题字数控制在{reqSize}个字以内\n\n标题以纯文本方式输出\n\n多个标题以以换行方式输出\n\n不输出顺序号', 0, 'wenxin', 'completions_pro', 1, '', '智能写稿升级', 1, 'SmartCreation', 0, '你是一个专业的新闻撰稿人，你一般把新闻稿创作分为写标题、写引言、写大纲、根据大纲扩展段落、写结尾五个步骤，本次你需要根据要求写出新闻稿的标题', 0.80, 1.00);
INSERT INTO `ai_prompt` (`created_by`, `updated_by`, `created_at`, `updated_at`, `deleted_at`, `uuid`, `tid`, `title`, `template`, `sortno`, `ai_type`, `model_name`, `status`, `api_type`, `remark`, `locking`, `group`, `is_festival`, `system_message`, `temperature`, `penalty_score`) VALUES (0, 0, '1989-06-04 03:25:07.467880', '1989-06-04 03:25:07.467880', NULL, 4011, '', '写引言', '{requirement}\n\n请根据以上要求撰写新闻稿的引言,且引言字数控制在 {reqSize}个左右', 1, 'wenxin', 'completions_pro', 1, '', '智能写稿升级', 1, 'SmartCreation', 0, '你是一个专业的新闻撰稿人，你一般把新闻稿创作分为写标题、写引言、写大纲、根据大纲扩展段落、写结尾五个步骤。本次你需要撰写引言部分', 0.80, 1.00);
INSERT INTO `ai_prompt` (`created_by`, `updated_by`, `created_at`, `updated_at`, `deleted_at`, `uuid`, `tid`, `title`, `template`, `sortno`, `ai_type`, `model_name`, `status`, `api_type`, `remark`, `locking`, `group`, `is_festival`, `system_message`, `temperature`, `penalty_score`) VALUES (0, 0, '1989-06-04 03:25:07.467880', '1989-06-04 03:25:07.467880', NULL, 4012, '', '写大纲', '{requirement}\n\n请结合以上要求撰写新闻稿{counts}条大纲标题\n\n多条大纲以换行方式输出\n\n不输出大纲序号', 2, 'wenxin', 'completions_pro', 1, '', '智能写稿升级', 1, 'SmartCreation', 0, '你是一个专业的新闻撰稿人，你会根据用户要求撰写出新闻稿的大纲', 0.80, 1.00);
INSERT INTO `ai_prompt` (`created_by`, `updated_by`, `created_at`, `updated_at`, `deleted_at`, `uuid`, `tid`, `title`, `template`, `sortno`, `ai_type`, `model_name`, `status`, `api_type`, `remark`, `locking`, `group`, `is_festival`, `system_message`, `temperature`, `penalty_score`) VALUES (0, 0, '1989-06-04 03:25:07.467880', '1989-06-04 03:25:07.467880', NULL, 4013, '', '写段落', '{requirement}\n\n请根据以上新闻稿大纲要求撰写段落内容，段落内容控制在 {reqSize} 个字数\n\n只输出生成内容', 3, 'wenxin', 'completions_pro', 1, '', '智能写稿升级', 1, 'SmartCreation', 0, '你是一个专业的新闻撰稿人，你一般把新闻稿创作分为写标题、写引言、写大纲、根据大纲扩展段落、写结尾五个步骤,你本次需要根据要求撰写段落内容', 0.80, 1.00);
INSERT INTO `ai_prompt` (`created_by`, `updated_by`, `created_at`, `updated_at`, `deleted_at`, `uuid`, `tid`, `title`, `template`, `sortno`, `ai_type`, `model_name`, `status`, `api_type`, `remark`, `locking`, `group`, `is_festival`, `system_message`, `temperature`, `penalty_score`) VALUES (0, 0, '1989-06-04 03:25:07.467880', '1989-06-04 03:25:07.467880', NULL, 4014, '', '写结尾', '${requirement}\n\n请根据以上要求撰写新闻稿的结尾', 4, 'wenxin', 'completions_pro', 1, '', '智能写稿升级', 1, 'SmartCreation', 0, '你是一个专业的新闻撰稿人，你一般把新闻稿创作分为写标题、写引言、写大纲、根据大纲扩展段落、写结尾五个步骤.你本次需要根据要求撰写新闻稿的结语', 0.80, 1.00);

COMMIT;

-- ---------------------------------------------
-- version 3.0.1 2024-05-28 
-- ADD sys_dict,sys_dict_item data
-- ---------------------------------------------

INSERT INTO `sys_dict` (`id`, `name`, `code`, `tag`, `sortno`, `icon`, `status`, `remark`, `created_by`, `created_at`, `updated_at`, `deleted_at`) VALUES (1, '凡闻检索周期', 'fw_searcher_period', 'smart', 1, NULL, 1, NULL, 0, '1989-06-04 03:15:21.000000', '2024-05-28 18:54:17.508238', NULL);
INSERT INTO `sys_dict` (`id`, `name`, `code`, `tag`, `sortno`, `icon`, `status`, `remark`, `created_by`, `created_at`, `updated_at`, `deleted_at`) VALUES (2, '凡闻检索类型', 'fw_searcher_classes', 'smart', 2, NULL, 1, NULL, 0, '1989-06-04 03:15:21.000000', '2024-05-28 18:54:21.115218', NULL);
COMMIT;

INSERT INTO `sys_dict_item` (`id`, `dict_id`, `label`, `value`, `icon`, `sortno`, `status`, `default_actived`, `extra`, `remark`, `created_by`, `updated_by`, `created_at`, `updated_at`, `deleted_at`) VALUES (1, 1, '全部', 'all', NULL, 0, 1, 0, NULL, NULL, 0, 0, '1989-06-04 03:15:21.000000', '2024-05-28 19:02:41.838429', NULL);
INSERT INTO `sys_dict_item` (`id`, `dict_id`, `label`, `value`, `icon`, `sortno`, `status`, `default_actived`, `extra`, `remark`, `created_by`, `updated_by`, `created_at`, `updated_at`, `deleted_at`) VALUES (2, 1, '最近一周', 'week', NULL, 1, 1, 1, NULL, NULL, 0, 0, '1989-06-04 03:15:21.000000', '2024-05-28 19:02:41.838429', NULL);
INSERT INTO `sys_dict_item` (`id`, `dict_id`, `label`, `value`, `icon`, `sortno`, `status`, `default_actived`, `extra`, `remark`, `created_by`, `updated_by`, `created_at`, `updated_at`, `deleted_at`) VALUES (3, 1, '近一个月', 'month', NULL, 2, 1, 0, NULL, NULL, 0, 0, '1989-06-04 03:15:21.000000', '2024-05-28 19:02:41.838429', NULL);
INSERT INTO `sys_dict_item` (`id`, `dict_id`, `label`, `value`, `icon`, `sortno`, `status`, `default_actived`, `extra`, `remark`, `created_by`, `updated_by`, `created_at`, `updated_at`, `deleted_at`) VALUES (4, 1, '近三个月', 'season', NULL, 4, 0, 0, NULL, NULL, 0, 0, '1989-06-04 03:15:21.000000', '2024-05-28 19:02:41.838429', NULL);
INSERT INTO `sys_dict_item` (`id`, `dict_id`, `label`, `value`, `icon`, `sortno`, `status`, `default_actived`, `extra`, `remark`, `created_by`, `updated_by`, `created_at`, `updated_at`, `deleted_at`) VALUES (5, 1, '近半年', 'sixMonth', NULL, 6, 0, 0, NULL, NULL, 0, 0, '1989-06-04 03:15:21.000000', '2024-05-28 19:02:41.838429', NULL);
INSERT INTO `sys_dict_item` (`id`, `dict_id`, `label`, `value`, `icon`, `sortno`, `status`, `default_actived`, `extra`, `remark`, `created_by`, `updated_by`, `created_at`, `updated_at`, `deleted_at`) VALUES (6, 1, '近一年', 'year', NULL, 12, 1, 0, NULL, NULL, 0, 0, '1989-06-04 03:15:21.000000', '2024-05-28 19:02:41.838429', NULL);
INSERT INTO `sys_dict_item` (`id`, `dict_id`, `label`, `value`, `icon`, `sortno`, `status`, `default_actived`, `extra`, `remark`, `created_by`, `updated_by`, `created_at`, `updated_at`, `deleted_at`) VALUES (7, 1, '近两个月', 'twoMonth', NULL, 3, 0, 0, NULL, NULL, 0, 0, '1989-06-04 03:15:21.000000', '2024-05-28 19:02:41.838429', NULL);
INSERT INTO `sys_dict_item` (`id`, `dict_id`, `label`, `value`, `icon`, `sortno`, `status`, `default_actived`, `extra`, `remark`, `created_by`, `updated_by`, `created_at`, `updated_at`, `deleted_at`) VALUES (8, 2, '全部', '0', NULL, 0, 1, 1, NULL, NULL, 0, 0, '1989-06-04 03:15:21.000000', '2024-05-28 19:02:41.838429', NULL);
INSERT INTO `sys_dict_item` (`id`, `dict_id`, `label`, `value`, `icon`, `sortno`, `status`, `default_actived`, `extra`, `remark`, `created_by`, `updated_by`, `created_at`, `updated_at`, `deleted_at`) VALUES (9, 2, '社会', '1', NULL, 1, 1, NULL, NULL, NULL, 0, 0, '1989-06-04 03:15:21.000000', '2024-05-28 19:02:41.838429', NULL);
INSERT INTO `sys_dict_item` (`id`, `dict_id`, `label`, `value`, `icon`, `sortno`, `status`, `default_actived`, `extra`, `remark`, `created_by`, `updated_by`, `created_at`, `updated_at`, `deleted_at`) VALUES (10, 2, '教育', '2', NULL, 2, 0, NULL, NULL, NULL, 0, 0, '1989-06-04 03:15:21.000000', '2024-05-28 19:02:41.838429', NULL);
INSERT INTO `sys_dict_item` (`id`, `dict_id`, `label`, `value`, `icon`, `sortno`, `status`, `default_actived`, `extra`, `remark`, `created_by`, `updated_by`, `created_at`, `updated_at`, `deleted_at`) VALUES (11, 2, '时政', '3', NULL, 3, 1, NULL, NULL, NULL, 0, 0, '1989-06-04 03:15:21.000000', '2024-05-28 19:02:41.838429', NULL);
INSERT INTO `sys_dict_item` (`id`, `dict_id`, `label`, `value`, `icon`, `sortno`, `status`, `default_actived`, `extra`, `remark`, `created_by`, `updated_by`, `created_at`, `updated_at`, `deleted_at`) VALUES (12, 2, '经济', '4', NULL, 4, 1, NULL, NULL, NULL, 0, 0, '1989-06-04 03:15:21.000000', '2024-05-28 19:02:41.838429', NULL);
INSERT INTO `sys_dict_item` (`id`, `dict_id`, `label`, `value`, `icon`, `sortno`, `status`, `default_actived`, `extra`, `remark`, `created_by`, `updated_by`, `created_at`, `updated_at`, `deleted_at`) VALUES (13, 2, '军事', '5', NULL, 5, 1, NULL, NULL, NULL, 0, 0, '1989-06-04 03:15:21.000000', '2024-05-28 19:02:41.838429', NULL);
INSERT INTO `sys_dict_item` (`id`, `dict_id`, `label`, `value`, `icon`, `sortno`, `status`, `default_actived`, `extra`, `remark`, `created_by`, `updated_by`, `created_at`, `updated_at`, `deleted_at`) VALUES (14, 2, '科技', '6', NULL, 6, 1, NULL, NULL, NULL, 0, 0, '1989-06-04 03:15:21.000000', '2024-05-28 19:02:41.838429', NULL);
INSERT INTO `sys_dict_item` (`id`, `dict_id`, `label`, `value`, `icon`, `sortno`, `status`, `default_actived`, `extra`, `remark`, `created_by`, `updated_by`, `created_at`, `updated_at`, `deleted_at`) VALUES (15, 2, '体育', '7', NULL, 7, 1, NULL, NULL, NULL, 0, 0, '1989-06-04 03:15:21.000000', '2024-05-28 19:02:41.838429', NULL);
INSERT INTO `sys_dict_item` (`id`, `dict_id`, `label`, `value`, `icon`, `sortno`, `status`, `default_actived`, `extra`, `remark`, `created_by`, `updated_by`, `created_at`, `updated_at`, `deleted_at`) VALUES (16, 2, '艺术', '8', NULL, 8, 0, NULL, NULL, NULL, 0, 0, '1989-06-04 03:15:21.000000', '2024-05-28 19:02:41.838429', NULL);
INSERT INTO `sys_dict_item` (`id`, `dict_id`, `label`, `value`, `icon`, `sortno`, `status`, `default_actived`, `extra`, `remark`, `created_by`, `updated_by`, `created_at`, `updated_at`, `deleted_at`) VALUES (17, 2, '交通', '9', NULL, 9, 1, NULL, NULL, NULL, 0, 0, '1989-06-04 03:15:21.000000', '2024-05-28 19:02:41.838429', NULL);
INSERT INTO `sys_dict_item` (`id`, `dict_id`, `label`, `value`, `icon`, `sortno`, `status`, `default_actived`, `extra`, `remark`, `created_by`, `updated_by`, `created_at`, `updated_at`, `deleted_at`) VALUES (18, 2, '娱乐', '10', NULL, 10, 1, NULL, NULL, NULL, 0, 0, '1989-06-04 03:15:21.000000', '2024-05-28 19:02:41.838429', NULL);
INSERT INTO `sys_dict_item` (`id`, `dict_id`, `label`, `value`, `icon`, `sortno`, `status`, `default_actived`, `extra`, `remark`, `created_by`, `updated_by`, `created_at`, `updated_at`, `deleted_at`) VALUES (19, 2, '汽车', '11', NULL, 11, 1, NULL, NULL, NULL, 0, 0, '1989-06-04 03:15:21.000000', '2024-05-28 19:02:41.838429', NULL);
INSERT INTO `sys_dict_item` (`id`, `dict_id`, `label`, `value`, `icon`, `sortno`, `status`, `default_actived`, `extra`, `remark`, `created_by`, `updated_by`, `created_at`, `updated_at`, `deleted_at`) VALUES (20, 2, '房产', '12', NULL, 12, 1, NULL, NULL, NULL, 0, 0, '1989-06-04 03:15:21.000000', '2024-05-28 19:02:41.838429', NULL);
INSERT INTO `sys_dict_item` (`id`, `dict_id`, `label`, `value`, `icon`, `sortno`, `status`, `default_actived`, `extra`, `remark`, `created_by`, `updated_by`, `created_at`, `updated_at`, `deleted_at`) VALUES (21, 2, '天气', '13', NULL, 13, 1, NULL, NULL, NULL, 0, 0, '1989-06-04 03:15:21.000000', '2024-05-28 19:02:41.838429', NULL);
INSERT INTO `sys_dict_item` (`id`, `dict_id`, `label`, `value`, `icon`, `sortno`, `status`, `default_actived`, `extra`, `remark`, `created_by`, `updated_by`, `created_at`, `updated_at`, `deleted_at`) VALUES (22, 2, '旅游', '14', NULL, 14, 0, NULL, NULL, NULL, 0, 0, '1989-06-04 03:15:21.000000', '2024-05-28 19:02:41.838429', NULL);
INSERT INTO `sys_dict_item` (`id`, `dict_id`, `label`, `value`, `icon`, `sortno`, `status`, `default_actived`, `extra`, `remark`, `created_by`, `updated_by`, `created_at`, `updated_at`, `deleted_at`) VALUES (23, 2, '美食', '15', NULL, 15, 1, NULL, NULL, NULL, 0, 0, '1989-06-04 03:15:21.000000', '2024-05-28 19:02:41.838429', NULL);
INSERT INTO `sys_dict_item` (`id`, `dict_id`, `label`, `value`, `icon`, `sortno`, `status`, `default_actived`, `extra`, `remark`, `created_by`, `updated_by`, `created_at`, `updated_at`, `deleted_at`) VALUES (24, 2, '健康', '16', NULL, 16, 0, NULL, NULL, NULL, 0, 0, '1989-06-04 03:15:21.000000', '2024-05-28 19:02:41.838429', NULL);
INSERT INTO `sys_dict_item` (`id`, `dict_id`, `label`, `value`, `icon`, `sortno`, `status`, `default_actived`, `extra`, `remark`, `created_by`, `updated_by`, `created_at`, `updated_at`, `deleted_at`) VALUES (25, 2, '数码', '17', NULL, 17, 1, NULL, NULL, NULL, 0, 0, '1989-06-04 03:15:21.000000', '2024-05-28 19:02:41.838429', NULL);

COMMIT;